weight_g,diameter_cm,sweetness,fruit
293.18,9.05,8.97,Mango
208.34,8.02,4.18,Orange
172.23,6.76,6.92,Apple
163.61,8.61,4.13,Orange
274.37,10.03,7.88,Mango
120.06,6.55,7.25,Apple
140.54,7.68,6.16,Orange
168.27,7.93,5.83,Orange
149.78,7.42,6.43,Apple
175.2,7.85,4.79,Orange
155.43,8.14,5.24,Orange
151.48,8.45,5.11,Orange
137.73,7.14,5.82,Apple
270.19,9.78,10.11,Mango
165.07,6.55,6.99,Apple
174.69,8.34,3.85,Orange
281.95,9.61,8.5,Mango
317.94,10.31,8.19,Mango
166.0,6.61,7.77,Apple
183.0,6.59,6.94,Apple
174.46,7.12,4.52,Orange
315.11,10.62,8.97,Mango
160.91,7.45,5.66,Orange
298.79,9.62,8.43,Mango
285.78,9.81,8.39,Mango
291.13,8.82,10.53,Mango
214.23,8.39,5.64,Orange
163.5,8.3,4.94,Orange
282.62,9.12,9.78,Mango
304.92,8.5,8.19,Mango
264.88,9.47,8.36,Mango
172.76,7.99,3.99,Orange
192.47,7.46,6.07,Apple
294.74,10.45,7.98,Mango
133.91,8.2,4.96,Orange
206.04,6.97,6.81,Apple
165.59,6.92,7.49,Apple
187.38,6.46,6.68,Apple
140.02,7.03,7.4,Apple
315.2,9.54,8.22,Mango
288.86,9.09,9.01,Mango
150.02,7.65,5.14,Orange
306.49,10.1,7.11,Mango
328.79,8.93,7.82,Mango
183.36,8.0,6.07,Orange
166.15,7.39,7.01,Apple
194.54,8.33,5.64,Orange
204.41,8.27,5.27,Orange
309.57,8.75,7.61,Mango
158.91,7.47,7.46,Apple
154.49,7.2,7.25,Apple
148.55,7.39,7.13,Apple
284.87,9.68,8.34,Mango
167.21,7.04,7.04,Apple
345.35,9.83,8.45,Mango
177.03,7.88,5.81,Orange
163.97,7.8,5.44,Orange
210.18,7.42,4.85,Orange
163.75,7.61,6.7,Apple
173.92,6.93,5.24,Apple
188.92,6.66,7.55,Apple
176.2,7.98,5.03,Orange
317.31,10.41,8.25,Mango
174.82,7.47,6.21,Orange
162.32,8.12,4.98,Orange
131.32,7.34,7.08,Apple
367.73,9.63,7.88,Mango
175.08,6.81,7.09,Apple
139.37,7.03,7.95,Apple
288.69,10.12,8.67,Mango
345.73,9.66,8.94,Mango
169.19,7.35,6.59,Apple
288.22,9.36,8.32,Mango
156.43,6.98,6.44,Apple
147.29,7.51,5.93,Orange
261.31,9.47,9.21,Mango
211.51,7.81,5.54,Orange
165.28,7.27,6.95,Apple
157.64,7.87,4.61,Orange
171.5,7.54,6.66,Apple
270.69,10.01,8.09,Mango
306.43,9.68,8.26,Mango
186.37,7.78,4.9,Orange
169.4,7.27,6.76,Apple
119.12,6.88,6.37,Apple
148.93,8.2,4.52,Orange
259.4,9.53,9.68,Mango
162.41,7.14,6.92,Apple
256.68,9.98,8.35,Mango
358.57,9.38,8.03,Mango
161.12,7.84,3.73,Orange
140.32,6.77,6.86,Apple
191.72,8.04,5.15,Orange
164.12,6.49,7.19,Apple
241.6,8.65,9.18,Mango
303.29,8.54,8.31,Mango
154.4,7.08,7.35,Apple
131.75,6.81,6.32,Apple
275.18,9.32,7.68,Mango
122.25,8.1,5.03,Orange
254.12,9.5,7.98,Mango
288.34,9.3,7.46,Mango
173.47,8.03,4.25,Orange
196.3,7.0,7.41,Apple
153.96,7.8,7.53,Apple
301.67,8.49,8.81,Mango
147.74,6.82,6.31,Apple
154.35,6.49,7.88,Apple
125.78,6.7,4.63,Orange
286.23,9.47,8.07,Mango
344.95,9.03,8.81,Mango
168.7,7.92,5.04,Orange
195.14,8.22,5.15,Orange
156.53,6.98,7.08,Apple
329.51,8.75,9.36,Mango
172.64,6.63,6.98,Apple
170.88,6.58,7.18,Apple
225.63,7.44,5.62,Orange
137.16,7.93,4.32,Orange
333.36,10.14,9.37,Mango
174.1,7.9,6.42,Apple
199.16,7.94,5.38,Orange
167.45,7.94,5.02,Orange
321.19,9.41,7.13,Mango
338.39,8.96,9.37,Mango
158.22,7.58,5.24,Orange
276.48,9.61,8.81,Mango
158.42,6.96,7.88,Apple
174.41,8.03,4.47,Orange
132.78,8.33,4.29,Orange
173.27,6.39,7.87,Apple
186.68,7.58,6.53,Apple
122.47,6.48,5.71,Apple
159.2,7.3,5.51,Orange
185.16,7.6,4.54,Orange
170.03,7.12,6.81,Apple
263.6,8.94,9.14,Mango
265.45,9.57,7.58,Mango
221.98,8.59,4.2,Orange
313.91,8.36,9.58,Mango
116.79,7.34,5.78,Apple
292.26,9.38,7.66,Mango
202.35,7.49,4.9,Orange
168.85,8.02,4.4,Orange
150.13,7.26,5.61,Apple
310.12,8.87,8.1,Mango
184.47,6.95,5.18,Orange
266.73,9.46,9.2,Mango
196.54,8.2,5.61,Orange
187.24,6.87,6.74,Apple
