study_hours,sleep_hours,passed
7.739560485559633,7.664429029447065,1
4.388784397520523,8.830958556365804,0
8.585979199113824,6.004447117214054,1
6.973680290593639,3.8633850153075047,1
0.9417734788764953,3.0836177262492095,0
9.756223516367559,4.377936179993132,1
7.61139701990353,3.7909333067191264,1
7.860643052769538,7.065952041677145,1
1.2811363267554587,3.7309950277711867,0
4.503859378955672,6.037979589723798,0
3.7079802423258124,7.165574613857319,0
9.267649888486018,6.486699655325414,1
6.438651200806645,4.1986539099603455,1
8.227616132708299,7.824747157093576,1
4.4341419882733115,7.29244277769481,1
2.272387217847769,7.43390402349325,0
5.545847870158348,3.7863465093438795,1
0.6381725610417532,3.7425228219020674,0
8.27631171992582,8.565375306039046,1
6.316643991220649,5.385469162949644,0
7.580877400853739,4.805692150685639,1
3.545259681298684,5.9315042721091995,1
9.706980243949033,6.977185276581494,1
8.931211213221976,8.73373954228182,1
7.783834970737619,4.71867736129233,1
1.9463870785196757,8.548850575872162,0
4.667210037270342,3.149156948317538,1
0.43803765787228777,6.331188253960948,0
1.5428949206754783,6.8038506700865105,1
6.830489532424546,3.6353844225045195,1
7.447621559078171,3.842037582383476,1
9.6750973243421,5.514685915897823,1
3.2582535813815197,8.79739147285909,0
3.704597060348689,6.576255319406237,0
4.695558112758079,8.598139329601267,1
1.894713590842857,7.826165493677824,0
1.2992150533547164,5.804289609331749,0
4.757049262259337,7.708580695513125,1
2.2690934905088413,3.1070207038619264,0
6.698139946825103,3.65486398059441,1
4.371519188723307,7.976571689296418,0
8.326781960578375,7.78090252995097,1
7.002651020022491,4.395844451798602,1
3.123666413820411,6.184617543594321,1
8.32259801395201,6.636094924200066,1
8.047643574968019,8.206433722656067,1
3.874783790301745,6.618642944032354,0
2.883281039302441,5.475429415642082,0
6.824955039749755,5.245104260443096,1
1.397524836093098,5.5552925182410595,0
1.9990820247510832,6.9115861534798455,1
0.07362269751005512,8.20494379051395,0
7.869243775021384,5.723381292457798,1
6.648508565920322,4.487037377708148,1
7.051653786263351,4.419974177985487,1
7.807290310219679,7.476085681460678,1
4.5891577553833995,7.899412580543462,0
5.687411959528937,3.63166847912475,1
1.3979699812765745,3.399353141731069,0
1.1453007353597344,6.56660198253871,0
6.6840296179047165,3.87703946515619,1
4.710962061431325,7.947985142738048,1
5.652361064811888,4.862008043544447,0
7.649988574160256,3.863231597826856,1
6.347183200005908,8.525822834924702,1
5.535794006579958,3.993190336411669,0
5.592071607454136,4.708320494027613,1
3.039500980626122,3.921680371152352,0
0.30817834567939406,3.6929403819921296,0
4.367173892323624,3.1268880980186404,0
2.145846728195292,3.3323724549855607,0
4.085286437246362,4.047848825615116,0
8.53403073268166,3.3202915957630523,1
2.3393948586534075,6.546862896665827,0
0.5830274168906602,7.084287160797039,0
2.8138389202199656,5.36178274099217,0
2.935937577666836,4.907946581712297,0
6.6191651472689506,6.027157422133381,1
5.570321523412783,8.250029653407651,1
7.8389820910641355,8.106789760933236,1
6.643135403273876,3.2608503720767517,1
4.063868614400706,4.088990457579144,1
8.140203846660347,4.420469226626376,1
1.669729199077039,4.496325454993271,0
0.22712073133860478,6.427395910456636,0
0.9004786077564175,5.497574554219153,0
7.223593505964503,3.295524719565564,1
4.618772302513873,5.241684830757429,1
1.612717790336018,6.142517692305823,0
5.010447751033635,3.610031417422296,0
1.5231210271316842,8.000751322731357,0
6.96320375077736,3.3117711987906255,1
4.461562755740307,8.549051214108372,1
3.810212260964825,3.594678849479253,0
3.015120891478765,8.061449709586515,0
6.302825931188885,8.415918863565702,1
3.6181261055339045,8.877424083519557,1
0.87649919316101,7.812155281641561,0
1.1800590212051532,7.676865244627973,0
9.618976645495145,6.854899655973286,1
9.085806907076071,7.673978127468774,1
6.997071338107496,3.8073132504788827,1
2.6586996145951955,6.216408215685824,0
9.69176377347724,6.0853372211424865,1
7.787509039657946,8.145432864735344,1
7.168901891589956,5.776796193561095,1
4.493615021437886,5.310536976602121,1
2.72241561845159,6.837379627422661,0
0.9639096215349929,4.598779905005077,0
9.026023965438416,3.8386104657237414,1
4.557762898336111,5.867263644142475,1
2.023633647952303,5.50133621156931,0
3.0595662415065252,4.395419643173242,1
5.79219568941896,5.205070860690768,1
1.767727829392317,5.198354698957484,0
8.566142840923755,4.964973386475273,1
7.585195298352101,5.276784478361574,1
7.194629559509368,7.114460072735673,1
4.320930397751037,4.781258847427711,1
6.2730884070244315,8.693147560292044,1
5.840979689127356,8.498088117229067,1
6.4984660155482,5.885462569800471,1
0.8444432113988909,4.9701672300281325,0
4.1580740217060965,6.212608738980019,0
0.4161417386189248,8.091362932641747,0
4.9399081924451895,6.915524043360612,1
3.298612123327853,7.8263509676824645,0
1.445241888660469,6.196333656394441,0
1.0340296772255164,6.797505775605725,0
5.87644572177712,4.72893368509477,1
1.705929685368861,7.409358973861744,0
9.251201183767972,4.21442755875431,1
5.8106113970039495,7.16878877291099,1
3.4686980453483707,8.164314409955365,0
5.9091549148141675,3.792617023809264,1
0.22803871029697498,6.686278443251519,0
9.585592132414453,3.5705744893796076,1
4.823034369429003,7.354293769628561,1
7.827352272502862,3.506959312941121,1
0.8272999992243857,8.615638936203755,0
4.866583308381603,3.824447580226813,0
4.907069943545209,8.753281475454482,1
9.37826454974983,7.80530505651058,1
5.717280523760754,6.562092026798124,0
4.734894010569538,7.695744627777281,1
2.669756630918936,7.770689033898515,0
3.315689973425522,8.676162376903982,1
5.206724024715378,4.520300123035123,1
4.389114603050467,6.5404553721498555,0
0.21612079880330426,3.5702951853864073,0
8.262919241943578,6.696994200144728,1
8.961607718397667,4.027747824556733,1
1.4024908899861077,6.389703668834651,0
5.540361435390494,6.434583084203098,0
1.0857574113544355,5.795910917887364,0
6.722400930398117,6.135790653078737,1
2.812337838390083,7.583540340039527,1
6.594226346919018,7.7954682990724,1
7.269946142868826,5.952919293452575,1
7.68647491917657,6.597560649135674,1
1.0774094595589656,8.58741741414061,0
9.160118451376078,3.718401531006737,1
2.302139908948808,3.702621395400663,0
0.3741255617617978,3.5262540714646105,0
5.548524693914834,6.947179710243167,1
3.7092228386243873,5.511649804742277,0
8.297897431324131,7.6459284968510595,1
8.082514720643019,7.027388479851556,1
3.1713889282271532,5.001826549969429,0
9.52899395069745,8.390199284169213,1
2.909178381401186,7.575192882423914,0
5.150571292317146,4.6232096454610545,0
2.5596509056760275,5.185152106632324,0
9.360435700489633,4.886639881225578,1
1.6460781758201815,3.945669891749998,0
0.4491061939232899,3.8867002352531497,0
4.350970600030379,8.616764780254464,0
9.92375564055837,5.62742422319252,1
8.916772662549139,5.299918936664459,1
7.486080194569492,7.378114252064267,1
8.90792490878525,6.3179583915174,1
8.934466396978632,8.616839921030774,1
5.18858360386449,7.681808963456353,1
3.1592905183079303,5.8762173847472425,0
7.72012432110988,5.258156840884958,1
6.616612631677611,8.919789269545932,1
3.7365772887371005,7.306561416021861,1
0.9446666806151527,8.707167960023046,0
7.46789611349026,3.710871463302248,1
2.624605159228647,8.103202075144695,1
9.368131505337793,6.822443303947246,1
2.4097057500568475,3.7315300700106757,0
1.2275793241148603,6.529547999815324,0
8.311126721249062,7.116578190632692,1
1.5328431662449404,3.073816115331617,1
1.7926830815773909,5.72590777105048,0
5.993827915208435,7.952397067177927,1
8.745620408374645,4.772154152064539,1
1.9643466571457324,5.751288490791307,0
3.1032367290009475,5.653884762407359,0
